店舗ID,店舗名,棚数
20104,北42条店,100
20108,釧路木場店,100
20138,仙台一番町店,100
20212,宇都宮御幸ヶ原店,100
20239,鶴ヶ島インター店,100
20251,川口東口駅前店,100
20264,佐倉志津店,100
20320,大森駅前店,100
20370,新津程島店,100
20386,上田産業道路店,100
20387,諏訪赤沼店,100
20421,福井米松店,100
20455,春日井インター店,100
20499,藤枝店,100
20624,岡山大安寺店,100
20846,熊本田崎店,100
20228,新前橋店,99
20266,16号千葉北店,99
20365,新潟桜木インター店,99
20565,姫路駅前店,99
20665,高松中央通り店,99
20256,志木南口駅前店,98
20334,磯子駅前店,98
20927,川口朝日店,98
20335,藤沢六会店,97
20362,上越市役所前店,97
20479,四日市追分店,97
20489,蒲郡店,97
20715,近鉄八尾駅前店,97
20811,福岡行橋店,97
20953,千葉都賀店,97
20317,八王子本店,96
20822,鳥栖店,96
20851,別府店,96
20923,狭山入間川店,96
20403,高岡戸出店,95
20404,魚津店,95
20817,八幡穴生店,95
20891,三原店,95
20534,1号枚方店,93
20162,郡山桑野店,92
20296,那珂店,92
20343,相模大野駅前店,92
20361,長岡蓮潟店,92
20591,26号和泉店,92
20601,米子店,92
20171,札幌清田店,91
20324,東久留米滝山店,91
20389,長野昭和通り店,91
20574,24号奈良店,91
20596,長居駅前店,91
20611,松江店,91
20666,丸亀店,91
20874,アクロスプラザ与次郎店,91
20109,札幌西岡店,90
20191,大河原店,90
20291,日立店,90
20295,つくば稲荷前店,90
20405,高岡店,90
20566,国道2号西宮店,90
20922,川越クレアモール店,90
20145,横手店,89
20223,50号笠懸店,89
20480,松阪店,89
20560,姫路飾磨店,89
20832,長崎空港通り店,89
20102,厚別東店,88
20169,いわき平店,88
20231,せんげん台駅東口店,88
20258,新座駅前店,88
20449,島田店,88
20472,23号津南店,88
20561,伊丹昆陽店,88
20625,倉敷児島店,88
20651,徳島大学前店,88
20110,札幌環状通東店,87
20124,花巻店,87
20176,旭川大町店,87
20216,宇都宮横田店,87
20444,浜松都盛店,87
20457,長久手グリーンロード店,87
20483,豊橋新栄店,87
20819,久留米上津バイパス店,87
20892,東広島西条2号店,87
20140,多賀城店,86
20250,戸田店,86
20490,千音寺店,86
20514,新堀川店,86
20535,堺百舌鳥店,86
20597,阪急三国駅前店,86
20775,豊橋向山店,86
20820,小倉西港店,86
20872,鹿児島天文館店,86
20208,水戸笠原店,85
20392,橋本店,85
20423,福井駅前店,85
20432,岐阜穂積店,85
20487,名古屋楠インター店,85
20671,愛媛重信店,85
20691,四日市野田店,85
20163,会津若松店,84
20175,函館昭和店,84
20206,ひたちなか店,84
20227,17号高崎倉賀野店,84
20240,大宮三橋店,84
20305,八王子大和田店,84
20633,福山東深津店,84
20652,徳島蔵本店,84
20114,八戸沼館店,83
20226,館林松原店,83
20290,松戸駅西口店,83
20332,横浜北山田店,83
20482,西尾店,83
20484,名古屋競馬場前店,83
20802,小倉北店,83
20881,沖縄コザ店,83
20929,所沢小手指店,83
20205,土浦真鍋店,82
20215,50号足利店,82
20237,東川口店,82
20401,富山掛尾店,82
20402,富山荒川店,82
20443,富士青葉店,82
20460,一宮インター店,82
20641,防府店,82
20643,山口大内店,82
20645,山口吉敷店,82
20681,高知中万々店,82
20844,熊本東バイパス店,82
20852,大分森町店,82
20107,札幌駅南口店,81
20451,西春店,81
20452,153号天白植田店,81
20469,岡崎大樹寺店,81
20553,姫路北条店,81
20713,岸和田今木店,81
20804,板付店,81
20862,都城店,81
20926,ビバモール加須店,81
20210,筑西店,80
20233,407号東松山店,80
20358,本厚木駅前店,80
20366,新潟赤道店,80
20369,新潟寺尾店,80
20497,三島店,80
20504,栗東店,80
20521,宇治槇島店,80
20612,出雲店,80
20637,五日市駅前店,80
20644,下関長府店,80
20882,那覇国際通り店,80
20137,東仙台店,79
20164,福島南バイパス店,79
20268,16号野田店,79
20286,市原店,79
20339,相模原中央店,79
20351,大和桜ヶ丘店,79
20368,長岡川崎店,79
20493,静岡寿町店,79
20592,蒲生四丁目店,79
20600,なんば道頓堀店,79
20834,佐世保大塔店,79
20843,上熊本店,79
20930,草加店,79
20961,太田内ケ島店,79
20105,旭川永山店,78
20121,盛岡上堂店,78
20126,水沢店,78
20132,仙台南小泉店,78
20249,三郷店,78
20342,東戸塚駅前店,78
20456,四軒家店,78
20573,大和郡山店,78
20640,広島横川店,78
20672,松山大街道店,78
20814,八幡桃園店,78
20913,八千代店,78
20925,朝霞駅東口店,78
20943,神戸伊川谷店,78
20103,札幌狸小路店,77
20222,前橋上小出店,77
20318,池袋サンシャイン60通り店,77
20321,千住堀切橋店,77
20333,16号相模原大野台店,77
20383,長野高田店,77
20412,金沢福久店,77
20494,沼津店,77
20550,外環八尾店,77
20572,大和高田店,77
20638,福山松永店,77
20642,宇部中央店,77
20131,4号名取店,76
20156,山形高堂店,76
20168,福島北店,76
20192,石巻中里店,76
20225,407号太田店,76
20238,深谷上柴店,76
20259,春日部ユリノキ通り店,76
20263,柏松ヶ崎店,76
20293,124号鹿嶋店,76
20359,小田原鴨宮店,76
20436,可児店,76
20503,彦根店,76
20622,岡山青江店,76
20623,フレスポ高屋店,76
20646,下関綾羅木店,76
20647,周南久米店,76
20773,津島駅前店,76
20810,西新店,76
20812,ブランチ福岡下原店,76
20928,本庄東店,76
20954,富里インター店,76
20981,上尾日の出店,76
20982,蓮田店,76
20112,青森西バイパス店,75
20153,鶴岡店,75
20155,天童店,75
20246,所沢バイパス店,75
20247,17号鴻巣店,75
20252,幸手店,75
20353,伊勢原店,75
20390,長野南バイパス店,75
20411,8号松任店,75
20442,富士吉原店,75
20462,鳴海徳重店,75
20492,清水春日店,75
20517,宇治大久保店,75
20567,阪急塚口駅前店,75
20602,鳥取吉成店,75
20774,名古屋錦店,75
20801,3号二日市店,75
20887,浦添店,75
20970,京都四条河原町店,75
20172,札幌大谷地店,74
20211,50号小山店,74
20257,八潮店,74
20280,船橋夏見台店,74
20285,松戸馬橋店,74
20313,東村山店,74
20326,調布国領店,74
20354,座間店,74
20355,センター南店,74
20363,新発田店,74
20367,新潟亀田店,74
20422,鯖江店,74
20518,山科駅前店,74
20543,千里本店,74
20558,鈴蘭台店,74
20807,楽市楽座久留米店,74
20847,熊本清水バイパス店,74
20849,ワンダーシティ南熊本店,74
20166,会津インター店,73
20209,水戸渡里店,73
20283,16号浜野店,73
20310,羽村市役所通り店,73
20467,甚目寺店,73
20507,草津新浜店,73
20595,枚方市駅北口店,73
20823,佐賀兵庫店,73
20939,小岩駅南口店,73
20122,北上店,72
20139,仙台中央通店,72
20352,古淵駅前店,72
20431,岐阜柳津店,72
20519,京都桂店,72
20549,堺鳳店,72
20562,三宮駅前店,72
20583,紀ノ川大橋店,72
20594,布施駅前店,72
20626,倉敷水島店,72
20718,なんば御堂筋店,72
20720,あべの天王寺駅前店,72
20861,宮崎一の宮店,72
20127,盛岡大通店,71
20142,秋田牛島店,71
20154,米沢店,71
20174,北見店,71
20213,佐野店,71
20230,伊勢崎連取店,71
20391,百合ヶ丘店,71
20413,金沢久安店,71
20470,知立店,71
20475,鈴鹿中央通店,71
20555,250号加古川店,71
20564,神戸元町駅前店,71
20581,和歌山国体道路店,71
20627,岡山駅東口店,71
20635,広島中央通り店,71
20771,豊田小坂店,71
20816,福岡大橋駅西口店,71
20921,新座店,71
20940,小田急町田駅前店,71
20106,すすきの店,70
20267,本中山店,70
20269,南行徳店,70
20279,茂原東部台店,70
20348,横浜芹が谷店,70
20384,松本南店,70
20582,和歌山岩出店,70
20693,伊勢店,70
20815,福岡天神駅南口店,70
20957,西葛西駅前店,70
20111,青森観光通り店,69
20136,古川店,69
20245,254号上福岡店,69
20261,14号幕張西店,69
20328,王子駅前店,69
20331,藤沢弥勒寺店,69
20360,二俣川駅前店,69
20498,静岡流通通り店,69
20636,東広島西条店,69
20818,福岡水城店,69
20850,熊本宇土店,69
20123,盛岡バイパス店,68
20146,大館店,68
20165,郡山安積店,68
20278,船橋競馬場駅前店,68
20307,東大和店,68
20448,御殿場店,68
20458,名和店,68
20495,掛川店,68
20533,163号門真店,68
20536,外環中石切店,68
20599,天六店,68
20634,広島祇園店,68
20653,徳島沖浜店,68
20663,高松福岡町店,68
20694,四日市西新地店,68
20821,佐賀本庄店,68
20942,西宮丸橋店,68
20235,川越脇田新町店,67
20242,4号越谷店,67
20330,北千住駅西口店,67
20337,厚木林店,67
20371,甲府上阿原店,67
20438,岐阜羽島店,67
20461,豊田元町店,67
20478,三重川越店,67
20593,浜寺石津店,67
20808,飯塚店,67
20853,大分中央町店,67
20873,鹿児島新栄店,67
20924,越谷蒲生店,67
20951,成田ニュータウン店,67
20955,佐倉寺崎店,67
20971,寝屋川池田店,67
20113,弘前店,66
20135,4号仙台泉店,66
20248,16号春日部店,66
20316,足立保木間店,66
20441,浜松上島店,66
20486,茶屋が坂駅前店,66
20508,甲賀水口店,66
20542,南津守店,66
20664,高松瓦町駅前店,66
20875,天文館通り店,66
20936,吉祥寺店,66
20144,秋田新国道店,65
20214,栃木店,65
20281,木更津店,65
20711,八尾宮町店,65
20863,宮崎加納店,65
20203,6号取手店,64
20236,407号熊谷石原店,64
20273,海浜幕張店,64
20349,横須賀中央駅前店,64
20485,豊川インター店,64
20515,西院駅前店,64
20845,熊本下通店,64
20885,名護店,64
20244,岩槻店,63
20356,平塚宮松店,63
20453,守山店,63
20468,江南店,63
20886,那覇小禄店,63
20271,千葉道場店,62
20338,Luz湘南辻堂店,62
20344,大船駅前店,62
20275,市川駅前店,61
20308,練馬笹目通り店,61
20350,京急川崎駅前店,61
20473,桑名新西方店,61
20545,東大阪荒本店,61
20557,尼崎立花店,61
20833,佐世保四ヶ町店,61
20952,行徳駅前店,61
20284,成田土屋店,60
20463,三河安城店,60
20488,栄広小路店,60
20501,大津膳所店,60
20537,26号泉佐野店,60
20692,桑名サンシパーク店,60
20932,立川幸町店,60
20297,土浦荒川沖店,59
20312,池袋東口駅前店,59
20450,浜松南口駅前店,59
20301,多摩ニュータウン店,58
20303,西台駅前店,58
20373,石和店,58
20465,刈谷店,58
20568,グランド六甲店,58
20714,城東古市店,57
20893,広島本通店,57
20229,高崎高関店,56
20347,綱島駅前店,56
20516,四条大宮駅前店,56
20569,阪神尼崎駅前店,56
20621,倉敷店,56
20631,福山緑町店,56
20941,高速長田駅前店,56
20382,上田バイパス店,55
20716,鶴橋駅前店,55
20435,大垣店,54
20884,那覇安謝店,54
20459,半田青山駅前店,53
20906,川口店,53
20446,静岡曲金店,52
20522,向日店,52
20933,武蔵境駅前店,52
20717,なんば千日前店,51
20265,稲毛駅東口店,50
20546,東住吉店,50
20570,三宮駅西口店,50
20173,札幌狸小路2号店,49
20253,蕨東口駅前店,49
20254,上尾西口駅前店,49
20345,海老名駅前店,49
20289,船橋駅南口店,48
20805,小倉駅南口店,47
20901,新横浜店,47
20357,藤沢駅南口店,46
20346,湘南台駅前店,45
20575,奈良橿原店,45
20323,池袋東口駅前2号店,44
20287,千葉中央店,43
20911,金沢駅東口店,42
20935,武蔵小山駅前店,42
20937,新宿駅西口2号店,42
20260,所沢プロペ通り店,40
20584,南海和歌山市駅店,40
20960,川崎_ラ_チッタデッラ店,40
20848,熊本銀座通り店,39
20910,栄長者町店,39
20322,赤坂見附駅前店,38
20908,大宮店,38
20288,柏駅西口店,37
20912,下北沢店,37
20496,静岡駅南口店,36
20513,京都南インター店,36
20772,大須店,36
20934,蒲田駅西口店,35
20931,新宿歌舞伎町店,34
20315,秋葉原駅前店,33
20325,池袋西口駅前店,33
20905,溝の口店,33
20902,なんば心斎橋店,31
20916,鶴見駅西口店,30
20719,西梅田曽根崎新地店,29
20983,新大阪江坂駅前店,27
20914,立川駅北口店,24
20909,府中店,23
20329,新宿駅西口店,22
20903,調布南口店,22
20956,名古屋駅太閤通口店,22
20946,あべの天王寺駅前2号店,21
20974,浜松駅北口店,21
20980,秋葉原駅前2号店,21
20986,高田馬場駅前店,20
20904,上野御徒町店,18
20915,新小岩駅前店,18
20907,関内店,16
20968,浜松町店,16
20985,大阪十三駅前店,16
20948,長崎浜町店,15
20965,中野駅北口店,15
20977,吉祥寺サンロード店,15
20984,柏駅東口店,15
20327,神田駅南口店,14
20950,西鉄福岡天神駅北口店,14
20978,仙台一番町ぶらんどーむ店,13
20963,なんば日本橋店,12
20976,伊勢佐木町店,12
20919,梅田東通り店,11
20920,蒲田駅東口店,10
20947,中目黒駅前店,10
20959,銀座店,10
20973,京都四条河原町2号店,10
20949,渋谷センター街店,9
20966,四条大宮駅前2号店,9
20975,大塚駅北口店,8
20979,浅草国際通り店,8
20170,いわき鹿島店,7
20938,瑞江駅前店,7
20958,浦和駅東口店,7
20967,上野広小路店,7
20964,自由が丘駅北口店,6
20969,御徒町駅南口店,6
